{
  "饮酒频率": {
    "mean": 1.6928101449939696,
    "std": 0.962879072314745
  },
  "血压收缩压（mmHg）": {
    "mean": 117.02594120208457,
    "std": 22.2247919302922
  },
  "血压舒张压（mmHg）": {
    "mean": 67.71145020234167,
    "std": 17.040363490544422
  },
  "脉搏（次/分钟）": {
    "mean": 77.62647292029395,
    "std": 14.392327390265551
  },
  "体重（kg）": {
    "mean": 69.48184179758151,
    "std": 28.37246715177829
  },
  "身高（cm）": {
    "mean": 157.6587021083197,
    "std": 21.38041738793968
  },
  "BMI（kg/m²）": {
    "mean": 26.972424831315685,
    "std": 7.002645533319789
  },
  "胆固醇（mg/dL）": {
    "mean": 185.64260144674324,
    "std": 44.84872828818218
  },
  "白细胞计数（1000个细胞/uL）": {
    "mean": 7.237928773971036,
    "std": 2.0787640864462156
  },
  "红细胞计数（10⁶ 个细胞/µL）": {
    "mean": 4.63556458235406,
    "std": 0.5048108941928108
  },
  "血红蛋白（g/dL）": {
    "mean": 13.402506992747934,
    "std": 1.5961167964447551
  },
  "血小板计数（1000 个细胞/µL）": {
    "mean": 251.09886045625166,
    "std": 65.27481316009259
  },
  "每日食盐摄入程度": {
    "mean": 3.0302917329950656,
    "std": 0.8920227211962283
  },
  "每日热量摄入量（kcal）": {
    "mean": 2007.3302006695249,
    "std": 813.1515099150239
  },
  "每日蛋白质摄入量（g）": {
    "mean": 77.7079774763839,
    "std": 37.25901485047094
  },
  "每日碳水摄入量（g）": {
    "mean": 249.15116215647453,
    "std": 104.84959715027024
  },
  "每日膳食纤维摄入量（g）": {
    "mean": 15.307903314944747,
    "std": 8.630259816516947
  },
  "每日脂肪摄入量（g）": {
    "mean": 84.30252844110609,
    "std": 43.56886414891371
  },
  "每日水摄入量（g）": {
    "mean": 1167.585379525252,
    "std": 957.1476238020347
  },
  "饮食是否充足": {
    "mean": 2.657590665034569,
    "std": 0.5571066460007373
  },
  "起夜次数": {
    "mean": 1.3398973325357035,
    "std": 1.0654056435962256
  },
  "平均每天坐姿时长（分钟）": {
    "mean": 340.0434817612979,
    "std": 415.54877876999683
  },
  "工作日平均睡眠小时数": {
    "mean": 6.868728453899476,
    "std": 1.468427725429228
  },
  "打鼾频率": {
    "mean": 1.4772847414801797,
    "std": 0.9786246041383034
  },
  "葡萄糖（mg/dL）": {
    "mean": 97.99822403567971,
    "std": 27.586977045936663
  },
  "甘油三酯（mg/dL）": {
    "mean": 150.00253659669252,
    "std": 94.65165613948287
  },
  "肌酐（mg/dL）": {
    "mean": 0.8689253329713913,
    "std": 0.47762964629820986
  },
  "磷（mg/dL）": {
    "mean": 103.94094957317469,
    "std": 68.59727677425714
  },
  "钾（mmol/L）": {
    "mean": 3.8733430323064657,
    "std": 0.6085523609137973
  },
  "白蛋白（g/dL）": {
    "mean": 3.7631120356198857,
    "std": 0.5642864405219715
  },
  "血尿素氮（mg/dL）": {
    "mean": 14.170854924915504,
    "std": 6.1351479098071025
  },
  "碳酸氢盐（mmol/L）": {
    "mean": 23.503324061309694,
    "std": 3.377552263687478
  },
  "钠（mmol/L）": {
    "mean": 131.71127339318465,
    "std": 16.235808360632717
  },
  "球蛋白（g/dL）": {
    "mean": 2.932716619299491,
    "std": 0.5754376461461223
  },
  "脉搏是否规律": {
    "mean": 0.9389548327424079,
    "std": 0.23941314669851507
  },
  "存在家族糖尿病史": {
    "mean": 0.11877601356559273,
    "std": 0.3235247628344063
  },
  "饮食是否均衡": {
    "mean": 0.7385540311392015,
    "std": 0.43942231876321086
  },
  "是否从事体力劳动": {
    "mean": 0.19747186681054416,
    "std": 0.3980913571391658
  },
  "是否每周进行进行中等以上强度锻炼": {
    "mean": 0.2845691382765531,
    "std": 0.4512089802043983
  },
  "性别": {
    "mean": 0.5043163249576075,
    "std": 0.4999813689917459
  }
}